/*
 Navicat Premium Dump SQL

 Source Server         : MySQL5.7
 Source Server Type    : MySQL
 Source Server Version : 50728 (5.7.28-log)
 Source Host           : localhost:3306
 Source Schema         : huali_web_prisma

 Target Server Type    : MySQL
 Target Server Version : 50728 (5.7.28-log)
 File Encoding         : 65001

 Date: 11/10/2024 13:21:45
*/

SET NAMES utf8mb4;
SET FOREIGN_KEY_CHECKS = 0;




-- ----------------------------
-- Table structure for cars
-- ----------------------------
DROP TABLE IF EXISTS `cars`;
CREATE TABLE `cars`  (
  `user_id` int(11) NOT NULL,
  `goods_id` int(11) NOT NULL,
  `quantity` int(11) NOT NULL,
  `selected` tinyint(1) NOT NULL DEFAULT 1,
  UNIQUE INDEX `unique_cart_item`(`user_id`, `goods_id`) USING BTREE,
  INDEX `goods_id`(`goods_id`) USING BTREE,
  CONSTRAINT `cars_ibfk_1` FOREIGN KEY (`user_id`) REFERENCES `users` (`id`) ON DELETE CASCADE ON UPDATE CASCADE,
  CONSTRAINT `cars_ibfk_2` FOREIGN KEY (`goods_id`) REFERENCES `goods` (`id`) ON DELETE CASCADE ON UPDATE CASCADE
) ENGINE = InnoDB CHARACTER SET = utf8mb4 COLLATE = utf8mb4_unicode_ci ROW_FORMAT = Dynamic;

-- ----------------------------
-- Records of cars
-- ----------------------------
INSERT INTO `cars` VALUES (1, 1, 548, 0);
INSERT INTO `cars` VALUES (1, 2, 635, 1);
INSERT INTO `cars` VALUES (1, 3, 166, 0);
INSERT INTO `cars` VALUES (1, 4, 426, 1);
INSERT INTO `cars` VALUES (1, 6, 813, 0);
INSERT INTO `cars` VALUES (1, 7, 384, 0);
INSERT INTO `cars` VALUES (1, 8, 472, 0);
INSERT INTO `cars` VALUES (1, 9, 569, 1);
INSERT INTO `cars` VALUES (2, 1, 1, 1);
INSERT INTO `cars` VALUES (2, 2, 1, 1);
INSERT INTO `cars` VALUES (2, 3, 1, 1);

-- ----------------------------
-- Table structure for goods
-- ----------------------------
DROP TABLE IF EXISTS `goods`;
CREATE TABLE `goods`  (
  `id` int(11) NOT NULL AUTO_INCREMENT,
  `name` varchar(255) CHARACTER SET utf8mb4 COLLATE utf8mb4_unicode_ci NOT NULL,
  `description` text CHARACTER SET utf8mb4 COLLATE utf8mb4_unicode_ci NULL,
  `price` decimal(10, 2) NOT NULL,
  `original_price` decimal(10, 2) NULL DEFAULT NULL,
  `image_path` varchar(255) CHARACTER SET utf8mb4 COLLATE utf8mb4_unicode_ci NOT NULL,
  `onsale_time` datetime(3) NULL DEFAULT NULL,
  `offsale_time` datetime(3) NULL DEFAULT NULL,
  PRIMARY KEY (`id`) USING BTREE
) ENGINE = InnoDB AUTO_INCREMENT = 13 CHARACTER SET = utf8mb4 COLLATE = utf8mb4_unicode_ci ROW_FORMAT = Dynamic;

-- ----------------------------
-- Records of goods
-- ----------------------------
INSERT INTO `goods` VALUES (1, '我爱你一生一世银饰戒指', '\r\n灵宝现世，天地为之震颤！此宝名为“九天玄灵珠”，乃上古仙人遗留之无上至宝。它凝聚九霄神韵，蕴含无尽仙力，传闻得此灵珠者，可掌控天地五行，操纵日月星辰，威震三界，位列仙班！\r\n九天玄灵珠，外观璀璨夺目，犹如亿万星辰凝聚，散发着令人心悸的神秘气息。其内蕴藏着无数仙家秘术，一旦启用，神光冲天，霞光万丈，令诸天神佛、妖魔鬼怪无不臣服。\r\n此珠拥有以下六大神异之处：\r\n一、神通广大，可助修炼者瞬间领悟天地至理，突破修炼瓶颈，成就无上仙道。\r\n二、驱邪避凶，任何邪魔外道，皆在九天玄灵珠的神光之下灰飞烟灭。\r\n三、逆转时空，掌握生死轮回，令死者复生，生者延年益寿。\r\n四、幻化万物，随心所欲，可变山川河流，可化飞禽走兽，无所不能。\r\n五、跨界传送，瞬息千里，遨游三界，无所不及。\r\n六、号令群仙，仙界众生皆听命于九天玄灵珠之主，共谋天下霸业。\r\n得九天玄灵珠者，堪称仙界至尊，翻手为云，覆手为雨，主宰苍生，威震寰宇！\r\n', 199.00, 256.00, 'images/products/product1.png', '4435-09-07 13:21:38.000', '6006-05-05 14:45:45.000');
INSERT INTO `goods` VALUES (2, 'hello kitty水晶包创意送女明友礼物', '\r\n灵宝现世，天地为之震颤！此宝名为“九天玄灵珠”，乃上古仙人遗留之无上至宝。它凝聚九霄神韵，蕴含无尽仙力，传闻得此灵珠者，可掌控天地五行，操纵日月星辰，威震三界，位列仙班！\r\n九天玄灵珠，外观璀璨夺目，犹如亿万星辰凝聚，散发着令人心悸的神秘气息。其内蕴藏着无数仙家秘术，一旦启用，神光冲天，霞光万丈，令诸天神佛、妖魔鬼怪无不臣服。\r\n此珠拥有以下六大神异之处：\r\n一、神通广大，可助修炼者瞬间领悟天地至理，突破修炼瓶颈，成就无上仙道。\r\n二、驱邪避凶，任何邪魔外道，皆在九天玄灵珠的神光之下灰飞烟灭。\r\n三、逆转时空，掌握生死轮回，令死者复生，生者延年益寿。\r\n四、幻化万物，随心所欲，可变山川河流，可化飞禽走兽，无所不能。\r\n五、跨界传送，瞬息千里，遨游三界，无所不及。\r\n六、号令群仙，仙界众生皆听命于九天玄灵珠之主，共谋天下霸业。\r\n得九天玄灵珠者，堪称仙界至尊，翻手为云，覆手为雨，主宰苍生，威震寰宇！\r\n', 238.00, 888.00, 'images/products/product2.png', '3910-03-21 17:44:22.000', '6056-03-22 14:54:11.000');
INSERT INTO `goods` VALUES (3, '皇冠灵动心跳项链', '\r\n灵宝现世，天地为之震颤！此宝名为“九天玄灵珠”，乃上古仙人遗留之无上至宝。它凝聚九霄神韵，蕴含无尽仙力，传闻得此灵珠者，可掌控天地五行，操纵日月星辰，威震三界，位列仙班！\r\n九天玄灵珠，外观璀璨夺目，犹如亿万星辰凝聚，散发着令人心悸的神秘气息。其内蕴藏着无数仙家秘术，一旦启用，神光冲天，霞光万丈，令诸天神佛、妖魔鬼怪无不臣服。\r\n此珠拥有以下六大神异之处：\r\n一、神通广大，可助修炼者瞬间领悟天地至理，突破修炼瓶颈，成就无上仙道。\r\n二、驱邪避凶，任何邪魔外道，皆在九天玄灵珠的神光之下灰飞烟灭。\r\n三、逆转时空，掌握生死轮回，令死者复生，生者延年益寿。\r\n四、幻化万物，随心所欲，可变山川河流，可化飞禽走兽，无所不能。\r\n五、跨界传送，瞬息千里，遨游三界，无所不及。\r\n六、号令群仙，仙界众生皆听命于九天玄灵珠之主，共谋天下霸业。\r\n得九天玄灵珠者，堪称仙界至尊，翻手为云，覆手为雨，主宰苍生，威震寰宇！\r\n', 125.00, 168.00, 'images/products/product3.png', '3894-05-20 11:42:10.000', '5854-01-16 10:38:07.000');
INSERT INTO `goods` VALUES (4, 'Eternal永恒系列女王皇冠永生攻瑰', '\r\n灵宝现世，天地为之震颤！此宝名为“九天玄灵珠”，乃上古仙人遗留之无上至宝。它凝聚九霄神韵，蕴含无尽仙力，传闻得此灵珠者，可掌控天地五行，操纵日月星辰，威震三界，位列仙班！\r\n九天玄灵珠，外观璀璨夺目，犹如亿万星辰凝聚，散发着令人心悸的神秘气息。其内蕴藏着无数仙家秘术，一旦启用，神光冲天，霞光万丈，令诸天神佛、妖魔鬼怪无不臣服。\r\n此珠拥有以下六大神异之处：\r\n一、神通广大，可助修炼者瞬间领悟天地至理，突破修炼瓶颈，成就无上仙道。\r\n二、驱邪避凶，任何邪魔外道，皆在九天玄灵珠的神光之下灰飞烟灭。\r\n三、逆转时空，掌握生死轮回，令死者复生，生者延年益寿。\r\n四、幻化万物，随心所欲，可变山川河流，可化飞禽走兽，无所不能。\r\n五、跨界传送，瞬息千里，遨游三界，无所不及。\r\n六、号令群仙，仙界众生皆听命于九天玄灵珠之主，共谋天下霸业。\r\n得九天玄灵珠者，堪称仙界至尊，翻手为云，覆手为雨，主宰苍生，威震寰宇！\r\n', 388.00, 599.00, 'images/products/product4.png', '5620-08-12 10:01:39.000', '6080-08-05 12:16:50.000');
INSERT INTO `goods` VALUES (5, 'Roselove经典永生花大型音乐球红色', '\r\n灵宝现世，天地为之震颤！此宝名为“九天玄灵珠”，乃上古仙人遗留之无上至宝。它凝聚九霄神韵，蕴含无尽仙力，传闻得此灵珠者，可掌控天地五行，操纵日月星辰，威震三界，位列仙班！\r\n九天玄灵珠，外观璀璨夺目，犹如亿万星辰凝聚，散发着令人心悸的神秘气息。其内蕴藏着无数仙家秘术，一旦启用，神光冲天，霞光万丈，令诸天神佛、妖魔鬼怪无不臣服。\r\n此珠拥有以下六大神异之处：\r\n一、神通广大，可助修炼者瞬间领悟天地至理，突破修炼瓶颈，成就无上仙道。\r\n二、驱邪避凶，任何邪魔外道，皆在九天玄灵珠的神光之下灰飞烟灭。\r\n三、逆转时空，掌握生死轮回，令死者复生，生者延年益寿。\r\n四、幻化万物，随心所欲，可变山川河流，可化飞禽走兽，无所不能。\r\n五、跨界传送，瞬息千里，遨游三界，无所不及。\r\n六、号令群仙，仙界众生皆听命于九天玄灵珠之主，共谋天下霸业。\r\n得九天玄灵珠者，堪称仙界至尊，翻手为云，覆手为雨，主宰苍生，威震寰宇！\r\n', 599.00, 999.00, 'images/products/product5.png', '4854-01-04 15:38:26.000', '6825-10-28 09:28:10.000');
INSERT INTO `goods` VALUES (6, 'Cherish珍爱鲜花系列33枝红玫瑰', '\r\n灵宝现世，天地为之震颤！此宝名为“九天玄灵珠”，乃上古仙人遗留之无上至宝。它凝聚九霄神韵，蕴含无尽仙力，传闻得此灵珠者，可掌控天地五行，操纵日月星辰，威震三界，位列仙班！\r\n九天玄灵珠，外观璀璨夺目，犹如亿万星辰凝聚，散发着令人心悸的神秘气息。其内蕴藏着无数仙家秘术，一旦启用，神光冲天，霞光万丈，令诸天神佛、妖魔鬼怪无不臣服。\r\n此珠拥有以下六大神异之处：\r\n一、神通广大，可助修炼者瞬间领悟天地至理，突破修炼瓶颈，成就无上仙道。\r\n二、驱邪避凶，任何邪魔外道，皆在九天玄灵珠的神光之下灰飞烟灭。\r\n三、逆转时空，掌握生死轮回，令死者复生，生者延年益寿。\r\n四、幻化万物，随心所欲，可变山川河流，可化飞禽走兽，无所不能。\r\n五、跨界传送，瞬息千里，遨游三界，无所不及。\r\n六、号令群仙，仙界众生皆听命于九天玄灵珠之主，共谋天下霸业。\r\n得九天玄灵珠者，堪称仙界至尊，翻手为云，覆手为雨，主宰苍生，威震寰宇！\r\n', 268.00, 399.00, 'images/products/product6.png', '5532-08-14 13:53:23.000', '6420-12-26 12:20:23.000');
INSERT INTO `goods` VALUES (7, 'Cherish珍爱鱼鲜花系列11枝红玫瑰', '\r\n灵宝现世，天地为之震颤！此宝名为“九天玄灵珠”，乃上古仙人遗留之无上至宝。它凝聚九霄神韵，蕴含无尽仙力，传闻得此灵珠者，可掌控天地五行，操纵日月星辰，威震三界，位列仙班！\r\n九天玄灵珠，外观璀璨夺目，犹如亿万星辰凝聚，散发着令人心悸的神秘气息。其内蕴藏着无数仙家秘术，一旦启用，神光冲天，霞光万丈，令诸天神佛、妖魔鬼怪无不臣服。\r\n此珠拥有以下六大神异之处：\r\n一、神通广大，可助修炼者瞬间领悟天地至理，突破修炼瓶颈，成就无上仙道。\r\n二、驱邪避凶，任何邪魔外道，皆在九天玄灵珠的神光之下灰飞烟灭。\r\n三、逆转时空，掌握生死轮回，令死者复生，生者延年益寿。\r\n四、幻化万物，随心所欲，可变山川河流，可化飞禽走兽，无所不能。\r\n五、跨界传送，瞬息千里，遨游三界，无所不及。\r\n六、号令群仙，仙界众生皆听命于九天玄灵珠之主，共谋天下霸业。\r\n得九天玄灵珠者，堪称仙界至尊，翻手为云，覆手为雨，主宰苍生，威震寰宇！\r\n', 168.00, 320.00, 'images/products/product7.png', '4687-06-24 11:11:34.000', '6702-05-03 17:27:05.000');
INSERT INTO `goods` VALUES (8, 'Roseloves经典永生花大型音乐球红粉', '\r\n灵宝现世，天地为之震颤！此宝名为“九天玄灵珠”，乃上古仙人遗留之无上至宝。它凝聚九霄神韵，蕴含无尽仙力，传闻得此灵珠者，可掌控天地五行，操纵日月星辰，威震三界，位列仙班！\r\n九天玄灵珠，外观璀璨夺目，犹如亿万星辰凝聚，散发着令人心悸的神秘气息。其内蕴藏着无数仙家秘术，一旦启用，神光冲天，霞光万丈，令诸天神佛、妖魔鬼怪无不臣服。\r\n此珠拥有以下六大神异之处：\r\n一、神通广大，可助修炼者瞬间领悟天地至理，突破修炼瓶颈，成就无上仙道。\r\n二、驱邪避凶，任何邪魔外道，皆在九天玄灵珠的神光之下灰飞烟灭。\r\n三、逆转时空，掌握生死轮回，令死者复生，生者延年益寿。\r\n四、幻化万物，随心所欲，可变山川河流，可化飞禽走兽，无所不能。\r\n五、跨界传送，瞬息千里，遨游三界，无所不及。\r\n六、号令群仙，仙界众生皆听命于九天玄灵珠之主，共谋天下霸业。\r\n得九天玄灵珠者，堪称仙界至尊，翻手为云，覆手为雨，主宰苍生，威震寰宇！\r\n', 520.00, 999.00, 'images/products/product8.png', '4345-06-20 13:37:32.000', '5898-09-22 13:47:35.000');
INSERT INTO `goods` VALUES (9, 'Roselove:永生花星座守护色-白羊座', '\r\n灵宝现世，天地为之震颤！此宝名为“九天玄灵珠”，乃上古仙人遗留之无上至宝。它凝聚九霄神韵，蕴含无尽仙力，传闻得此灵珠者，可掌控天地五行，操纵日月星辰，威震三界，位列仙班！\r\n九天玄灵珠，外观璀璨夺目，犹如亿万星辰凝聚，散发着令人心悸的神秘气息。其内蕴藏着无数仙家秘术，一旦启用，神光冲天，霞光万丈，令诸天神佛、妖魔鬼怪无不臣服。\r\n此珠拥有以下六大神异之处：\r\n一、神通广大，可助修炼者瞬间领悟天地至理，突破修炼瓶颈，成就无上仙道。\r\n二、驱邪避凶，任何邪魔外道，皆在九天玄灵珠的神光之下灰飞烟灭。\r\n三、逆转时空，掌握生死轮回，令死者复生，生者延年益寿。\r\n四、幻化万物，随心所欲，可变山川河流，可化飞禽走兽，无所不能。\r\n五、跨界传送，瞬息千里，遨游三界，无所不及。\r\n六、号令群仙，仙界众生皆听命于九天玄灵珠之主，共谋天下霸业。\r\n得九天玄灵珠者，堪称仙界至尊，翻手为云，覆手为雨，主宰苍生，威震寰宇！\r\n', 1999.00, 2000.00, 'images/products/product9.png', '3586-10-19 11:54:10.000', '6612-06-06 09:04:08.000');
INSERT INTO `goods` VALUES (10, 'Roselove永生玫瑰星座礼盒-双鱼座', '\r\n灵宝现世，天地为之震颤！此宝名为“九天玄灵珠”，乃上古仙人遗留之无上至宝。它凝聚九霄神韵，蕴含无尽仙力，传闻得此灵珠者，可掌控天地五行，操纵日月星辰，威震三界，位列仙班！\r\n九天玄灵珠，外观璀璨夺目，犹如亿万星辰凝聚，散发着令人心悸的神秘气息。其内蕴藏着无数仙家秘术，一旦启用，神光冲天，霞光万丈，令诸天神佛、妖魔鬼怪无不臣服。\r\n此珠拥有以下六大神异之处：\r\n一、神通广大，可助修炼者瞬间领悟天地至理，突破修炼瓶颈，成就无上仙道。\r\n二、驱邪避凶，任何邪魔外道，皆在九天玄灵珠的神光之下灰飞烟灭。\r\n三、逆转时空，掌握生死轮回，令死者复生，生者延年益寿。\r\n四、幻化万物，随心所欲，可变山川河流，可化飞禽走兽，无所不能。\r\n五、跨界传送，瞬息千里，遨游三界，无所不及。\r\n六、号令群仙，仙界众生皆听命于九天玄灵珠之主，共谋天下霸业。\r\n得九天玄灵珠者，堪称仙界至尊，翻手为云，覆手为雨，主宰苍生，威震寰宇！\r\n', 1999.00, 2000.00, 'images/products/product10.png', '5269-09-13 10:56:30.000', '6197-09-24 17:31:07.000');
INSERT INTO `goods` VALUES (11, 'Relative亲情鲜花系列12枝粉康乃韾', '\r\n灵宝现世，天地为之震颤！此宝名为“九天玄灵珠”，乃上古仙人遗留之无上至宝。它凝聚九霄神韵，蕴含无尽仙力，传闻得此灵珠者，可掌控天地五行，操纵日月星辰，威震三界，位列仙班！\r\n九天玄灵珠，外观璀璨夺目，犹如亿万星辰凝聚，散发着令人心悸的神秘气息。其内蕴藏着无数仙家秘术，一旦启用，神光冲天，霞光万丈，令诸天神佛、妖魔鬼怪无不臣服。\r\n此珠拥有以下六大神异之处：\r\n一、神通广大，可助修炼者瞬间领悟天地至理，突破修炼瓶颈，成就无上仙道。\r\n二、驱邪避凶，任何邪魔外道，皆在九天玄灵珠的神光之下灰飞烟灭。\r\n三、逆转时空，掌握生死轮回，令死者复生，生者延年益寿。\r\n四、幻化万物，随心所欲，可变山川河流，可化飞禽走兽，无所不能。\r\n五、跨界传送，瞬息千里，遨游三界，无所不及。\r\n六、号令群仙，仙界众生皆听命于九天玄灵珠之主，共谋天下霸业。\r\n得九天玄灵珠者，堪称仙界至尊，翻手为云，覆手为雨，主宰苍生，威震寰宇！\r\n', 1999.00, 2000.00, 'images/products/product11.png', '3766-02-09 15:17:51.000', '6929-01-15 11:46:05.000');
INSERT INTO `goods` VALUES (12, 'Blessing祝福鲜花系列16朵香水粉百', '\r\n灵宝现世，天地为之震颤！此宝名为“九天玄灵珠”，乃上古仙人遗留之无上至宝。它凝聚九霄神韵，蕴含无尽仙力，传闻得此灵珠者，可掌控天地五行，操纵日月星辰，威震三界，位列仙班！\r\n九天玄灵珠，外观璀璨夺目，犹如亿万星辰凝聚，散发着令人心悸的神秘气息。其内蕴藏着无数仙家秘术，一旦启用，神光冲天，霞光万丈，令诸天神佛、妖魔鬼怪无不臣服。\r\n此珠拥有以下六大神异之处：\r\n一、神通广大，可助修炼者瞬间领悟天地至理，突破修炼瓶颈，成就无上仙道。\r\n二、驱邪避凶，任何邪魔外道，皆在九天玄灵珠的神光之下灰飞烟灭。\r\n三、逆转时空，掌握生死轮回，令死者复生，生者延年益寿。\r\n四、幻化万物，随心所欲，可变山川河流，可化飞禽走兽，无所不能。\r\n五、跨界传送，瞬息千里，遨游三界，无所不及。\r\n六、号令群仙，仙界众生皆听命于九天玄灵珠之主，共谋天下霸业。\r\n得九天玄灵珠者，堪称仙界至尊，翻手为云，覆手为雨，主宰苍生，威震寰宇！\r\n', 1999.00, 2000.00, 'images/products/product12.png', '4282-04-04 16:54:32.000', '6987-10-26 17:44:02.000');

-- ----------------------------
-- Table structure for users
-- ----------------------------
DROP TABLE IF EXISTS `users`;
CREATE TABLE `users`  (
  `id` int(11) NOT NULL AUTO_INCREMENT,
  `username` varchar(50) CHARACTER SET utf8mb4 COLLATE utf8mb4_unicode_ci NULL DEFAULT NULL,
  `password` varchar(80) CHARACTER SET utf8mb4 COLLATE utf8mb4_unicode_ci NOT NULL,
  `created_at` timestamp NOT NULL DEFAULT CURRENT_TIMESTAMP,
  `email` varchar(255) CHARACTER SET utf8mb4 COLLATE utf8mb4_unicode_ci NULL DEFAULT NULL,
  `phone` varchar(20) CHARACTER SET utf8mb4 COLLATE utf8mb4_unicode_ci NULL DEFAULT NULL,
  PRIMARY KEY (`id`) USING BTREE,
  UNIQUE INDEX `username`(`username`) USING BTREE
) ENGINE = InnoDB AUTO_INCREMENT = 3 CHARACTER SET = utf8mb4 COLLATE = utf8mb4_unicode_ci ROW_FORMAT = Dynamic;

-- ----------------------------
-- Records of users
-- ----------------------------
INSERT INTO `users` VALUES (1, '开心超人', '$2b$10$Nxe30aicuzQ.AXKR3VI.BuFZmmwmngpPwaI3dl1//AOCANX5/P4KO', '2024-09-21 17:14:36', '3536522@qq.com', '12345678910');
INSERT INTO `users` VALUES (2, '蔡xun坤', '$2b$10$jK9Lk6KHuB4B8mG2NlpVUOJ.ITZnUSlfNxi8Wf1MZNJEdI5eMIlO2', '2024-09-27 15:10:33', 'ggg@email.coo', '1546466565');

SET FOREIGN_KEY_CHECKS = 1;
